home_avg_rmse,home_avg_er,away_avg_rmse,away_avg_er
0.13313564919802587,2.187701788951789,0.15818971695536493,3.019204314204314
