average_rmse,average_error
0.10682988578375177,2.503937098780849
